{"cameraMode":{"drawMode":0,"name":"Shaded","section":"Shading Mode"},"sceneLighting":true,"audioPlay":false,"sceneViewState":{"showFog":true,"showMaterialUpdate":false,"showSkybox":true,"showFlares":true,"showImageEffects":true,"showParticleSystems":true},"in2DMode":false,"pivot":{"x":-2.3327064514160158,"y":10.059646606445313,"z":-1.9361610412597657},"rotation":{"x":-0.023895110934972764,"y":0.9203872084617615,"z":-0.05696150287985802,"w":-0.38609829545021059},"size":1495.7379150390625,"orthographic":false}